<?xml version="1.0" encoding="UTF-8"?>
<!DOCTYPE suite SYSTEM "https://testng.org/testng-1.0.dtd">
<suite name="Suite" parallel="tests" thread-count="5">
  <test thread-count="5" name="Test">
    <classes>
      <class name="tests.Grid"/>
    </classes>
  </test> <!-- Test -->
  
  <test thread-count="5" name="Test2">
    <classes>
      <class name="tests.Grid"/>
    </classes>
  </test> <!-- Test -->
  
  <test thread-count="5" name="Test3">
    <classes>
      <class name="tests.Grid"/>
    </classes>
  </test> <!-- Test -->
  
  <test thread-count="5" name="Test4">
    <classes>
      <class name="tests.Grid"/>
    </classes>
  </test> <!-- Test -->
  
  <test thread-count="5" name="Test5">
    <classes>
      <class name="tests.Grid"/>
    </classes>
  </test> <!-- Test -->
</suite> <!-- Suite -->
