<?xml version="1.0" encoding="UTF-8"?>
<!DOCTYPE suite SYSTEM "https://testng.org/testng-1.0.dtd">
<suite name="Suite">
  <test name="CourseTest-Chrome">
  <parameter name="browser" value="chrome"/>
    <classes>
      <class name="tests.CoursesTest"/>
      <class name="base.BaseTest"/>
    </classes>
  </test> <!-- Test -->
  <test name="CourseTest-Edge">
  <parameter name="browser" value="edge"/>
    <classes>
      <class name="tests.CoursesTest"/>
      <class name="base.BaseTest"/>
    </classes>
  </test> <!-- Test -->
</suite> <!-- Suite -->
